8eczrqxhq37gc4g2;b36kvrh87d4dmsq9zwcu811gojvauekh
j404lof8j9fmxc27;vnplvlpqdrn6yxqw9da7330byetzztit
8nxig9dxohb87wgf;maaghthfw68zibqjeao1secasbmfhnkf
lqsb2rw88d5qu6ju;rwcdrxox4j2qsafbwtesf7kzxmd1pkt3
4hirzgo3do0z03me;zcxkmhm5mzbtqfw5ievamlejsljpb811
o2jxdbt9cnj20dfy;wc78s21gh0y5zm4j4s5dd0lg86jlf40q
wu3iyjksvh7iqpsc;vap12b8tm2z8x7updmehiivxitl7do2k
lo52hy365nlmzxcx;ii7thcwi963erotjjz2mf6pmvmiplkzi
wr2kkab0po5en5n7;1lzx71wv5jl71xjsm15ndl7dmjsxb4k0
v8lsgqo70o482rsb;pyqpc30agptkxsy9cbw40k3bkgrj7slv
c0m00ri1cz9nnbp2;i8vnu0wtwk27x0sz59ztxcitdj5wdv60
0hgqk2xx66dw43q2;6txqhm66y19ooy6t22mhts1tlvl55lej
oagmgryfdm8togos;onqoe7khlyvhas5be5i3j1fbq7jvxif6
cfcmbixfghqv50rx;7dqongc6qdc4x54o4jiemoh2tto0u2ot
8bo1v9isati3jmy4;jidrpfjt1ncuoetbzu75kw0kv4nwte9y
ypm44pbxrjeiq97y;55gb3a5fshjon9jzbgsc5gp6zq0q5y7b
9w1axh01v3k3pbtp;7210ngmgjfizr9p6x4ajqxpkciz1xmxy
33cd5zzixeis5gwi;sfb8fq9d116dgh3uymtbgedy2b77s9sm
fjav9yhdjtcyu6c7;h39s4fbcn0cnouwprgcvwndandjrda7k
fhr3tb3epjkj334g;7hhohxa6psr50ibv1xi92ekz1eofczpd
vb6jidauzr7jqb1m;6vo5rztuvlhg6mrevoy2zg4kk8x0jjrx
n9ndr5tkwhstdm77;n3hilrnz9nl2ky1aszpkfx9r0hsbw0ar
fsncethb3cxwq97n;40wspd86qgdqusn4t3g90t7kzyp5zg33
rnkpyrkg0bwvaww1;r0be26vidal0p3b3b68zqyf3oiv03s0l
z4b0a9n575fjj8qk;wvaodboj0gjtaan0lginfemjz9vm442n
8i4exaxzcdo6iwfk;noxald5qb18qax6bxavfg98gedimv457
mv65ukcdkm6csbds;e0wmtybaals64006h0yca0bj0sd3n0k2
go38y7aifmobumyi;f4ka24e1kloxjft5e326vq5b84vx641a
xh5cek15qooww42m;8m0k0yhzrc34byc3utmfosizk9yg114m
95fxksghyqa77ymm;gj2q13jbumcrh660prdjpnobmvwgkx3v
lzgsrhh4i3w8bx2f;w01ab5mgoffsneq7i2c1gofehdc7jpmn
r79iearwwpfzbho9;4cxm2wqnuvbgmgsrnui7ml1sw01pdziy
qkaizf82o5ut3i1h;45q7ebp3bdj73rash0pevnuc5lvdpsyi
srkj7ps5yfcs9a72;stbbven3zwowilmtwsdywur4ybzo7p6l
jx978xzjz4t0etma;y8ny6r4u325ovvgb3j75c4g8ovhd4ze4
plr2zml842eb3mtm;qrd460z7xzwqk4l1yan9wdwhs5c1ku7l
avnwb62ttafojne0;2h1wp549npu22nafqq7po2igz314ngwc
crnnyxlb0m0s9yk1;fym5hrmxmmsgytoc4f2stvdagf6j3e7z
fo7cokwxn691hug4;9978xbyzmea7uawfkga21ptug5o4pn5d
jav7r3c66q363ex7;6uej03rasj8a4j0646wnbpmphchka9et
6up4ieh8p19yb2jk;tt8sde976p3uife4o37hx5bvddge1sgg
3f98ottcv4ec5wm6;w8rxb7qsrwspb2sc8j5v16akjdqcr158
cfr0cxbo5879rukc;kqaav15n1z50mohzfezaqk1cq7w8syu2
nfmt2s6qjd2amk04;6tf2ef89w8j4sii6borechbbxoo3kjaf
7qjren8z90rh3ssj;7hy897xqlv50k35vf8htr92zb3aw0crk
rvwd93k3hc6q7lh1;w0ah9ka3ktd6epfp97qoyrojjh2160bj
6z4qd94gibrryw25;c2ntqw1104yg68p24mui213uzc36ek70
k08hs7lm2jr4glsy;cjtxct3zmrs22ewxdatrxyaw2m9gbzpd
h2tl4dyhm1rdixyi;lzmejo5d7i8h0nqutmfngqaoi2ewlwuf
04lwju1prpk27wah;rfehaw3w96wbhz3akl7f9tkom3tucbnn
5zjajqnc3sntmk9a;iin2f7yhn66rvo8op7ucm0s70rhe80da
biz9cfd4sezi429a;h4e42kcgvfsozzz9r787aw6c04z76543
207by76o6cgikfvq;8j3qgfz5ikl81fp6xs85w4m8htx8acqm
r11fsxhtv2f9rqrz;g9je9t1ddwf0ykeb0exvflxolk2hw6a1
y765mhpds2pk4t8o;ahnqrgz8xkrf44uebabv8haw0b95i06p
ombk3fvqrhvq2hg4;wkn8evlm0zvge1jb1w5v8uxma7my0zjr
ppjg262dmtixat8v;xop5duzinxtbghcpcrtpnkyhmdyvdnmu
g74w1qcrmm1oua1p;2qknrq0e9wyelg0jdl4dbbrl8qifsll1
r1snuzjqtmjo6v3k;0ez40onbyofoj9ywsjgh0fho2s52gtd5
8ikelu3sf7cus4kb;g7l7jmxrrst5hymej56j17mir0nr9425
bxdr027u0l55z18a;c1xmsn8y1zav4dre3wqaocv2a8695cqw
g0eassoodyy4yu08;xur0aaauhjkkp5f1u65i711u6rjlp9np
alrp5ujfowfgnhk8;667s7b2qo0hi14gyyycgiv5eq9a2dckb
pjnitikzih2akhwy;xu1tvwbkswd668o5lcle8jwbtx4f973p
e6pesrmyja9nit3f;0s8mhf9a04iuwv8ijjlpm1ivu55eo3bp
wytog2q67duefueb;95te4f6mcs62r3gwuz4ps71bget8gw9p
yvy2ma3c9jf4pslq;hzlpqrj8tjp12xrl9sydmwag5y5930vv
znlualstmdh9dgc3;4g3gf2hwfkpcjoe9lvcc1g99t9ljyr2d
tkzmiufq0hszxfae;prrdnrxl6d32orc811hztgm8k5w7yaqb
6uojwhyrx6fp0eo2;85of3r54wmshe5kx0mfaj97inp66szhl
xf6r309mz0vcpyzs;cyamntle3kd6gwgo12uro12yfdhary5t
qpqiowxvm0dyxoam;3lpx8xbkwuj4ujg2ah6w622uzveg69s6
xmsqmqt5vw9sdbv1;lrewxy5qg0a887rjnu8ycggc8iho0znm
gd2kb13w5ggqhtf6;0ijicsznj515jszl8r87d6yzzzhvzp6z
wnlmqvde2fqiryxj;75px59276utg7pz9cf2psb1ngvy8fv06
hgiattpobead1vum;zevmvqmr7euf0rks6656hb31zc5x4ksm
q35nqhtv8qdd7cbd;pjd8yifxji9govf376mlzrl8c4c47d0h
imqxgcunbjz7mr93;gxootr13mqapywrmpemdmbi25jjiqs9b
jw5qlsxn068ifz5m;ekaz0gxx6eoqaxpjye2uea66s7s1aad5
prxawkixgiecw50m;jw6tb69qsabrmq72maoa144chsjofli4
e2tinjdaq1wzq3qh;hdyxh0cdmr0l7k2wqvfyllxqahi3l72f
rru1bfb4naipmrjm;75b6apynnhgln2a89cpc8iulplhopexh
0jt82q5gx20bfips;3ipx09mdtyeexfd5br52khi9qhhaxbcm
fjqho4hu3iawisre;ig0l81jfvw2278a6uitmz6qyn6arhddo
htjzrf5wrst8ru5u;q6f28ogihwv46dmjma14wauydyqgymp8
e5juds0vn2udfc54;s2h246or7p7nruvaho3g7baqhdc2dq5e
jld92i51m47p54lv;4fp2rn92yaoz126nr31p7t6nrbm8h6i1
z178z68vjbepk3sl;woxmcmttsd07rmxcc1tfjda6uc9ku1y4
ejc1e9l9bjsyw5nj;0uuarsosb0ys3unktfbutz94v4v9wybz
d90cyp8txl1mnwfc;aofq0zv3fk2vc6j8ps0ppbec5timrrzh
amhnopx6wk4khjtz;lyuk5x3f115c5o5vigt0qds3m1tdn15j
qcp4v3oohzymqym0;qo7yf92joof79jxi6l2fqdvzj2e3k1cq
y653s26l559t0oyv;etg8lx497v39vv14f8hl7ysa0aervbk3
yuqi32qp4e7rzfmj;73ox17x9y866yn1ka0vwx9wr8l0eqi3c
zuuc24nbdpr7oqys;p2i9p2nrkxl270suz00jgn9unvhag1yo
mf7un5fikvhcvhza;webxy9s6btxd617ghkwd3nj8trmq6rt7
4e0qtr8g71b4iz4j;klhkkn19wku56lojvszrkb2zlnat3prd
33llc4tc3n4crr9t;rltf5vn107ibtmpx12jpwmxes4pxquoz
yukf86gzxm2jakpl;5qp270q4ci2bo1xq430u936eg1s21ymw
hbq6rsvjyjp3945r;tvb116g71sffzon0kjv542zqc85gu4bi
ysim8f27nv6snc4u;pkarrr0qbugpmactmc002erx5fmxn3aw
necvmwrayjl7pfo5;ac4dqn9dj30rqlvezyiumwjhi48g68oa
19ak6pyol066o71o;fyjqsynv877i3dr69gq26hgy7inijbyw
3iopoagejhqyfyz5;9kiildhbjejajw1tsz4ovljm2qisjsno
2n5iri353c8y7b4p;yaf23t0wgn5imvmtyu9eib8pabijewxj
h73cptgnxosowlpy;frkrw9pbj5tpmu513qxoopbycy2bmude
iy2vyt7bxy34qveb;j45j9x7uwlbchfk2vkw7qzxbkwtgj5d4
wlvijrgoj6jnggh1;t6ft5ao5otjxp6az499kaohmj46cg41s
uv524j4wgen6nd3m;0daumxjywvqtcml7prxfk1r6v1o3zqxb
3c146eqm5r37wohs;vl9ndum23wpdnjq0nonco6vsy37hvkhi
aj7wwoy3d91g7r3m;vgv3ndhq1die1r1bo7ob69lzgmwwttwz
7jjv13k12dvx4u6t;wm8gejcbcf3296x7vhea1oj634lftfqr
xgrgk1y7opuh0uja;0g0pwwe024sch2a34orpu7i6y3hjlmjp
xbh7s6ewzsvz9ocd;juqir5plf1i0guubvwqhvsscrwof2ot6
ymxey7as8tloc4jt;9dtsh31f5g0g908w4vl3zzigiw3hfc7r
vb5gp2bgqsbtlrkq;6q8k8e9nq47o4np6vumvd2vln6qz9det
xet5zotrbqtv4i69;le31c7i956y31piov7hufxopyowyq1px
kaij8qmwxicr85la;fp6j78nzykuf8zdsw868b74yp3eh1v1s
fyc5dmj01r8xjijv;tyyar0p4mnr7jsmpasgegrw9l5gm9wb6
uk102e3z71b4zb7c;l9tenhg0mfcvay66ultomqitafq0slpz
8mdsfksxw6sb7ew9;e5hj981byc703q47n1v8ruwmo9d74bgb
0mbc9fh45aen5jee;eqpi5pdsz7q5bwowbjpy2ektjkgp3tav
ll8tjoofmtqiwjpj;yxvd0jf3akx748lb0l1nc9zuuez5dl7m
tu8rp5c7gkb9alkb;awop496ne8tau2tfxtp6dfuwogut8m6e
rflriqj85rpor2l1;cww9gxek12cilnn8ogdly2y2c0c7gui5
kcqpcjlmqtm6y58b;f094f3plueagnzwg0c4vea11frehf13o
7ujgzl26ujy2rpi2;6vve298qgiq1vqgv5ikpwja8ft2al4ku
n519d6xzacxvecml;2lgunrscd9q6l4f52530ecwjmjxkru1u
